B-Field,Delta Lambda,Multiplier
0.48,0.004034621,0.08673025
0.75,0.007249843,
1.09,0.008230868,
