B-Field,Delta Lambda,Multiplier
0.48,-0.003326917,0.08673025
0.75,-0.00629317,
1.09,-0.008961418,
