mag,chang,df
0.004269231,0.00212627,0.00013
0.006403846,0.002570442,0.00013
0.008538462,0.003074527,0.00013
0.010673077,0.003594962,0.00013
0.012807692,0.00395799,0.00013
0.014942308,0.004380788,0.00013
0.017076923,0.004743726,0.00013
0.019211538,0.005113954,0.00013
0.021346154,0.005600171,0.00013
0.023480769,0.006097928,0.00013
